{"cameraMode":{"drawMode":0,"name":"Shaded","section":"Shading Mode"},"sceneLighting":true,"audioPlay":false,"sceneViewState":{"showFog":true,"showMaterialUpdate":false,"showSkybox":true,"showFlares":true,"showImageEffects":true,"showParticleSystems":true},"in2DMode":false,"pivot":{"x":-6.514135360717773,"y":-13.893132209777832,"z":-17.830039978027345},"rotation":{"x":-0.051969725638628009,"y":0.9389188885688782,"z":-0.298502653837204,"w":-0.1636209487915039},"size":14.241922378540039,"orthographic":false}